Nome,Telefone
Ronny Senna,85992525311,ronny.senna@outlook.com
Teralink,85984330486,teralink.teralink@yahoo.com.br
Ideal Rastreamento,8540420510,ideal.rastreamento@hotmail.com
Meu BarbeiroPro,85992880597,meu.barbeiropro@empresa.com.br
Carlos Henrique,85992525311,carlos.henrique@gmail.com
Fernanda Lima,85984330486,fernanda.lima@outlook.com
Bruno Andrade,8540420510,bruno.andrade@yahoo.com.br
Camila Sousa,85992880597,camila.sousa@hotmail.com
João Pedro,85992525311,joão.pedro@empresa.com.br
Larissa Moraes,85984330486,larissa.moraes@gmail.com
André Ribeiro,8540420510,andré.ribeiro@outlook.com
Patrícia Gomes,85992880597,patrícia.gomes@yahoo.com.br
Lucas Silva,85992525311,lucas.silva@hotmail.com
Marina Oliveira,85984330486,marina.oliveira@empresa.com.br
Felipe Costa,8540420510,felipe.costa@gmail.com
Juliana Rocha,85992880597,juliana.rocha@outlook.com
Gustavo Barros,85992525311,gustavo.barros@yahoo.com.br
Beatriz Ramos,85984330486,beatriz.ramos@hotmail.com
Tiago Almeida,8540420510,tiago.almeida@empresa.com.br
Carla Mendes,85992880597,carla.mendes@gmail.com
Renato Carvalho,85992525311,renato.carvalho@outlook.com
Isabela Monteiro,85984330486,isabela.monteiro@yahoo.com.br
Mateus Freitas,8540420510,mateus.freitas@hotmail.com
Natália Cruz,85992880597,natália.cruz@empresa.com.br
Eduardo Lopes,85992525311,eduardo.lopes@gmail.com
Tatiane Moreira,85984330486,tatiane.moreira@outlook.com
Rafael Pires,8540420510,rafael.pires@yahoo.com.br
Aline Santos,85992880597,aline.santos@hotmail.com
Cláudio Pereira,85992525311,cláudio.pereira@empresa.com.br
Helena Duarte,85984330486,helena.duarte@gmail.com
Marcelo Torres,8540420510,marcelo.torres@outlook.com
Luana Barros,85992880597,luana.barros@yahoo.com.br
Pedro Nogueira,85992525311,pedro.nogueira@hotmail.com
Ana Júlia,85984330486,ana.júlia@empresa.com.br
Rodrigo Tavares,8540420510,rodrigo.tavares@gmail.com
Paula Borges,85992880597,paula.borges@outlook.com
Jonas Lima,85992525311,jonas.lima@yahoo.com.br
Bruna Sales,85984330486,bruna.sales@hotmail.com
Fabrício Luz,8540420510,fabrício.luz@empresa.com.br
Michele Souza,85992880597,michele.souza@gmail.com
Léo Andrade,85992525311,léo.andrade@outlook.com
Sabrina Martins,85984330486,sabrina.martins@yahoo.com.br
Caio Paes,8540420510,caio.paes@hotmail.com
Letícia Melo,85992880597,letícia.melo@empresa.com.br
Fábio Vieira,85992525311,fábio.vieira@gmail.com
Priscila Alves,85984330486,priscila.alves@outlook.com
Igor Moura,8540420510,igor.moura@yahoo.com.br
Renata Figueiredo,85992880597,renata.figueiredo@hotmail.com
Ricardo Teixeira,85992525311,ricardo.teixeira@empresa.com.br
Carol Dias,85984330486,carol.dias@gmail.com
Daniel Pontes,8540420510,daniel.pontes@outlook.com
Vera Bastos,85992880597,vera.bastos@yahoo.com.br
Anderson Araújo,85992525311,anderson.araújo@hotmail.com
Jéssica Ribeiro,85984330486,jéssica.ribeiro@empresa.com.br
Diego Lima,8540420510,diego.lima@gmail.com
Flávia Castro,85992880597,flávia.castro@outlook.com
Bruno Matos,85992525311,bruno.matos@yahoo.com.br
Érica Dantas,85984330486,érica.dantas@hotmail.com
Alex Costa,8540420510,alex.costa@empresa.com.br
Tatiana Prado,85992880597,tatiana.prado@gmail.com
Guilherme Neves,85992525311,guilherme.neves@outlook.com
Viviane Rocha,85984330486,viviane.rocha@yahoo.com.br
Henrique Saraiva,8540420510,henrique.saraiva@hotmail.com
Patrícia Lemos,85992880597,patrícia.lemos@empresa.com.br
Murilo Peixoto,85992525311,murilo.peixoto@gmail.com
Ariane Ramos,85984330486,ariane.ramos@outlook.com
Douglas Bandeira,8540420510,douglas.bandeira@yahoo.com.br
Clarissa Nunes,85992880597,clarissa.nunes@hotmail.com
Vitor Henrique,85992525311,vitor.henrique@empresa.com.br
Camila Torres,85984330486,camila.torres@gmail.com
Allan Guedes,8540420510,allan.guedes@outlook.com
Simone Oliveira,85992880597,simone.oliveira@yahoo.com.br
Nilson Farias,85992525311,nilson.farias@hotmail.com
Elisa Campos,85984330486,elisa.campos@empresa.com.br
Thiago Araújo,8540420510,thiago.araújo@gmail.com
Beatriz Duarte,85992880597,beatriz.duarte@outlook.com
Ricardo Matos,85992525311,ricardo.matos@yahoo.com.br
Patrícia Dias,85984330486,patrícia.dias@hotmail.com
Marcos Lima,8540420510,marcos.lima@empresa.com.br
Lívia Amaral,85992880597,lívia.amaral@gmail.com
Eduardo Costa,85992525311,eduardo.costa@outlook.com
Juliane Moraes,85984330486,juliane.moraes@yahoo.com.br
Fernando Rocha,8540420510,fernando.rocha@hotmail.com
Rafaela Menezes,85992880597,rafaela.menezes@empresa.com.br
Antônio Barreto,85992525311,antônio.barreto@gmail.com
Lígia Sampaio,85984330486,lígia.sampaio@outlook.com
Carlos Souza,8540420510,carlos.souza@yahoo.com.br
Vitória Farias,85992880597,vitória.farias@hotmail.com
Marcelo Gonçalves,85992525311,marcelo.gonçalves@empresa.com.br
Tainá Alves,85984330486,tainá.alves@gmail.com
Paulo Rezende,8540420510,paulo.rezende@outlook.com
Amanda Flores,85992880597,amanda.flores@yahoo.com.br
Vinícius Prado,85992525311,vinícius.prado@hotmail.com
Letícia Pontes,85984330486,letícia.pontes@empresa.com.br
Leonardo Ribeiro,8540420510,leonardo.ribeiro@gmail.com
Heloísa Gomes,85992880597,heloísa.gomes@outlook.com